millis,sens0,sens1,sens2,sens3,sens4
300000,1023,1023,1023,1023,1023
600000,1023,1023,1023,1023,1023
900000,1023,1023,1023,1023,1023
1200000,1023,1023,1023,1023,1023
1500000,1023,1023,1023,1023,1023
1800000,1023,1023,1023,1023,1023
2100000,1023,1023,1023,1023,1023
2400000,1023,1023,1023,1023,1023
2700000,1023,1023,1023,1023,1023
3000000,1023,1023,1023,1023,1023
3300000,1023,1023,1023,1023,1023
3600000,1023,1023,1023,1023,1023
3900000,1023,1023,1023,1023,1023
4200000,1023,1023,1023,1023,1023
4500000,1023,1023,1023,1023,1023
4800000,1023,1023,1023,1023,1023
5100000,1023,1023,1023,1023,1023
5400000,1023,1023,1023,1023,1023
5700000,1023,1023,1023,1023,1023
6000000,1023,1023,1023,1023,1023
6300000,1023,1023,1023,1023,1023
6600000,1023,1023,1023,1023,1023
6900000,1023,1023,1023,1023,1023
7200000,1023,1023,1023,1023,1023
7500000,1023,1023,1023,1023,1023
7800000,1023,1023,1023,1023,1023
8100000,1023,1023,1023,1023,1023
8400000,1023,1023,1023,1023,1023
8700000,1023,1023,1023,1023,1023
9000000,1023,1023,1023,1023,1023
9300000,1023,1023,1023,1023,1023
9600000,1023,1023,1023,1023,1023
9900000,1023,1023,1023,1023,1023
10200000,1023,1023,1023,1023,1023
10500000,1023,1023,1023,1023,1023
10800000,1023,1023,1023,1023,1023
11100000,1023,1023,1023,1023,1023
11400000,1023,1023,1023,1023,1023
11700000,1023,1023,1023,1023,1023
12000000,1023,1023,1023,1023,1023
12300000,1023,1023,1023,1023,1023
12600000,1023,1023,1023,1023,1023
12900000,1023,1023,1023,1023,1023
13200000,1023,1023,1023,1023,1023
13500000,1023,1023,1023,1023,1023
13800000,1023,1023,1023,1023,1023
14100000,1023,1023,1023,1023,1023
14400000,1023,1023,1023,1023,1023
14700000,1023,1023,1023,1023,1023
15000000,1023,1023,1023,1023,1023
15300000,1023,1023,1023,1023,1023
15600000,1023,1023,1023,1023,1023
15900000,1023,1023,1023,1023,1023
16200000,1023,1023,1023,1023,1023
16500000,1023,1023,1023,1023,1023
16800000,1023,1023,1023,1023,1023
17100000,1023,1023,1023,1023,1023
17400000,1023,1023,1023,1023,1023
17700000,1023,1023,1023,1023,1023
18000000,1023,1023,1023,1023,1023
18300000,1023,1023,1023,1023,1023
18600000,1023,1023,1023,1023,1023
18900000,1023,1023,1023,1023,1023
19200000,1023,1023,1023,1023,1023
19500000,1023,1023,1023,1023,1023
19800000,1023,1023,1023,1023,1023
20100000,1023,1023,1023,1023,1023
20400000,1023,1023,1023,1023,1023
20700000,1023,1023,1023,1023,1023
21000000,1023,1023,1023,1023,1023
21300000,1023,1023,1023,1023,1023
21600000,1023,1023,1023,1023,1023
21900000,1023,1023,1023,1023,1023
22200000,1023,1023,1023,1023,1023
22500000,1023,1023,1023,1023,1023
22800000,1023,1023,1023,1023,1023
23100000,1023,1023,1023,1023,1023
23400000,1023,1023,1023,1023,1023
23700000,1023,1023,1023,1023,1023
24000000,1023,1023,1023,1023,1023
24300000,1023,1023,1023,1023,1023
24600000,1023,1023,1023,1023,1023
24900000,1023,1023,1023,1023,1023
25200000,1023,1023,1023,1023,1023
25500000,1023,1023,1023,1023,1023
25800000,1023,1023,1023,1023,1023
26100000,1023,1023,1023,1023,1023
26400000,1023,1023,1023,1023,1023
26700000,1023,1023,1023,1023,1023
27000000,1023,1023,1023,1023,1023
27300000,1023,1023,1023,1023,1023
27600000,1023,1023,1023,1023,1023
27900000,1023,1023,1023,1023,1023
28200000,1023,1023,1023,1023,1023
28500000,1023,1023,1023,1023,1023
28800000,1023,1023,1023,1023,1023
29100000,1023,1023,1023,1023,1023
29400000,1023,1023,1023,1023,1023
29700000,1023,1023,1023,1023,1023
30000000,1023,1023,1023,1023,1023
30300000,1023,1023,1023,1023,1023
30600000,1023,1023,1023,1023,1023
30900000,1023,1023,1023,1023,1023
31200000,1023,1023,1023,1023,1023
31500000,1023,1023,1023,1023,1023
31800000,1023,1023,1023,1023,1023
32100000,1023,1023,1023,1023,1023
32400000,1023,1023,1023,1023,1023
32700000,1023,1023,1023,1023,1023
33000000,1023,1023,1023,1023,1023
33300000,1023,1023,1023,1023,1023
33600000,1023,1023,1023,1023,1023
33900000,1023,1023,1023,1023,1023
34200000,1023,1023,1023,1023,1023
34500000,1023,1023,1023,1023,1023
34800000,1023,1023,1023,1023,1023
35100000,1023,1023,1023,1023,1023
35400000,1023,1023,1023,1023,1023
35700000,1023,1023,1023,1023,1023
36000000,1023,1023,1023,1023,1023
36300000,1023,1023,1023,1023,1023
36600000,1023,1023,1023,1023,1023
36900000,1023,1023,1023,1023,1023
37200000,1023,1023,1023,1023,1023
37500000,1023,1023,1023,1023,1023
37800000,1023,1023,1023,1023,1023
38100000,1023,1023,1023,1023,1023
38400000,1023,1023,1023,1023,1023
38700000,1023,1023,1023,1023,1023
39000000,1023,1023,1023,1023,1023
39300000,1023,1023,1023,1023,1023
39600000,1023,1023,1023,1023,1023
39900000,1023,1023,1023,1023,1023
40200000,1023,1023,1023,1023,1023
40500000,1023,1023,1023,1023,1023
40800000,1023,1023,1023,1023,1023
41100000,1023,1023,1023,1023,1023
41400000,1023,1023,1023,1023,1023
41700000,1023,1023,1023,1023,1023
42000000,1023,1023,1023,1023,1023
42300000,1023,1023,1023,1023,1023
42600000,1023,1023,1023,1023,1023
42900000,1023,1023,1023,1023,1023
43200000,1023,1023,1023,1023,1023
43500000,1023,1023,1023,1023,1023
43800000,1023,1023,1023,1023,1023
44100000,1023,1023,1023,1023,1023
44400000,1023,1023,1023,1023,1023
44700000,1023,1023,1023,1023,1023
45000000,1023,1023,1023,1023,1023
45300000,1023,1023,1023,1023,1023
45600000,1023,1023,1023,1023,1023
45900000,1023,1023,1023,1023,1023
46200000,1023,1023,1023,1023,1023
46500000,1023,1023,1023,1023,1023
46800000,1023,1023,1023,1023,1023
47100000,1023,1023,1023,1023,1023
47400000,1023,1023,1023,1023,1023
47700000,1023,1023,1023,1023,1023
48000000,1023,1023,1023,1023,1023
48300000,1023,1023,1023,1023,1023
48600000,1023,1023,1023,1023,1023
48900000,1023,1023,1023,1023,1023
49200000,1023,1023,1023,1023,1023
49500000,1023,1023,1023,1023,1023
49800000,1023,1023,1023,1023,1023
50100000,1023,1023,1023,1023,1023
50400000,1023,1023,1023,1023,1023
50700000,1023,1023,1023,1023,1023
51000000,1023,1023,1023,1023,1023
51300000,1023,1023,1023,1023,1023
51600000,1023,1023,1023,1023,1023
51900000,1023,1023,1023,1023,1023
52200000,1023,1023,1023,1023,1023
52500000,1023,1023,1023,1023,1023
52800000,1023,1023,1023,1023,1023
53100000,1023,1023,1023,1023,1023
53400000,1023,1023,1023,1023,1023
53700000,1023,1023,1023,1023,1023
54000000,1023,1023,1023,1023,1023
54300000,1023,1023,1023,1023,1023
54600000,1023,1023,1023,1023,1023
54900000,1023,1023,1023,1023,1023
55200000,1023,1023,1023,1023,1023
55500000,1023,1023,1023,1023,1023
55800000,1023,1023,1023,1023,1023
56100000,1023,1023,1023,1023,1023
56400000,1023,1023,1023,1023,1023
56700000,1023,1023,1023,1023,1023
57000000,1023,1023,1023,1023,1023
57300000,1023,1023,1023,1023,1023
57600000,1023,1023,1023,1023,1023
57900000,1023,1023,1023,1023,1023
58200000,1023,1023,1023,1023,1023
58500000,1023,1023,1023,1023,1023
58800000,1023,1023,1023,1023,1023
59100000,1023,1023,1023,1023,1023
59400000,1023,1023,1023,1023,1023
59700000,1023,1023,1023,1023,1023
60000000,1023,1023,1023,1023,1023
60300000,1023,1023,1023,1023,1023
60600000,1023,1023,1023,1023,1023
60900000,1023,1023,1023,1023,1023
61200000,1023,1023,1023,1023,1023
61500000,1023,1023,1023,1023,1023
61800000,1023,1023,1023,1023,1023
62100000,1023,1023,1023,1023,1023
62400000,1023,1023,1023,1023,1023
62700000,1023,1023,1023,1023,1023
63000000,1023,1023,1023,1023,1023
63300000,1023,1023,1023,1023,1023
63600000,1023,1023,1023,1023,1023
63900000,1023,1023,1023,1023,1023
64200000,1023,1023,1023,1023,1023
64500000,1023,1023,1023,1023,1023
64800000,1023,1023,1023,1023,1023
65100000,1023,1023,1023,1023,1023
65400000,1023,1023,1023,1023,1023
65700000,1023,1023,1023,1023,1023
66000000,1023,1023,1023,1023,1023
66300000,1023,1023,1023,1023,1023
66600000,1023,1023,1023,1023,1023
66900000,1023,1023,1023,1023,1023
67200000,1023,1023,1023,1023,1023
67500000,1023,1023,1023,1023,1023
67800000,1023,1023,1023,1023,1023
68100000,1023,1023,1023,1023,1023
68400000,1023,1023,1023,1023,1023
68700000,1023,1023,1023,1023,1023
69000000,1023,1023,1023,1023,1023
69300000,1023,1023,1023,1023,1023
69600000,1023,1023,1023,1023,1023
69900000,1023,1023,1023,1023,1023
70200000,1023,1023,1023,1023,1023
70500000,1023,1023,1023,1023,1023
70800000,1023,1023,1023,1023,1023
71100000,1023,1023,1023,1023,1023
71400000,1023,1023,1023,1023,1023
71700000,1023,1023,1023,1023,1023
72000000,1023,1023,1023,1023,1023
72300000,1023,1023,1023,1023,1023
72600000,1023,1023,1023,1023,1023
72900000,1023,1023,1023,1023,1023
73200000,1023,1023,1023,1023,1023
73500000,1023,1023,1023,1023,1023
73800000,1023,1023,1023,1023,1023
74100000,1023,1023,1023,1023,1023
74400000,1023,1023,1023,1023,1023
74700000,1023,1023,1023,1023,1023
75000000,1023,1023,1023,1023,1023
75300000,1023,1023,1023,1023,1023
75600000,1023,1023,1023,1023,1023
75900000,1023,1023,1023,1023,1023
76200000,1023,1023,1023,1023,1023
76500000,1023,1023,1023,1023,1023
76800000,1023,1023,1023,1023,1023
77100000,1023,1023,1023,1023,1023
77400000,1023,1023,1023,1023,1023
77700000,1023,1023,1023,1023,1023
78000000,1023,1023,1023,1023,1023
78300000,1023,1023,1023,1023,1023
78600000,1023,1023,1023,1023,1023
78900000,1023,1023,1023,1023,1023
79200000,1023,1023,1023,1023,1023
79500000,1023,1023,1023,1023,1023
79800000,1023,1023,1023,1023,1023
80100000,1023,1023,1023,1023,1023
80400000,1023,1023,1023,1023,1023
80700000,1023,1023,1023,1023,1023
81000000,1023,1023,1023,1023,1023
81300000,1023,1023,1023,1023,1023
81600000,1023,1023,1023,1023,1023
81900000,1023,1023,1023,1023,1023
82200000,1023,1023,1023,1023,1023
82500000,1023,1023,1023,1023,1023
82800000,1023,1023,1023,1023,1023
83100000,1023,1023,1023,1023,1023
83400000,1023,1023,1023,1023,1023
83700000,1023,1023,1023,1023,1023
84000000,1023,1023,1023,1023,1023
84300000,1023,1023,1023,1023,1023
84600000,1023,1023,1023,1023,1023
84900000,1023,1023,1023,1023,1023
85200000,1023,1023,1023,1023,1023
85500000,1023,1023,1023,1023,1023
85800000,1023,1023,1023,1023,1023
86100000,1023,1023,1023,1023,1023
86400000,1023,1023,1023,1023,1023
86700000,1023,1023,1023,1023,1023
87000000,1023,1023,1023,1023,1023
87300000,1023,1023,1023,1023,1023
87600000,1023,1023,1023,1023,1023
87900000,1023,1023,1023,1023,1023
88200000,1023,1023,1023,1023,1023
88500000,1023,1023,1023,1023,1023
88800000,1023,1023,1023,1023,1023
89100000,1023,1023,1023,1023,1023
89400000,1023,1023,1023,1023,1023
89700000,1023,1023,1023,1023,1023
90000000,1023,1023,1023,1023,1023
90300000,1023,1023,1023,1023,1023
90600000,1023,1023,1023,1023,1023
90900000,1023,1023,1023,1023,1023
91200000,1023,1023,1023,1023,1023
91500000,1023,1023,1023,1023,1023
91800000,1023,1023,1023,1023,1023
92100000,1023,1023,1023,1023,1023
92400000,1023,1023,1023,1023,1023
92700000,1023,1023,1023,1023,1023
93000000,1023,1023,1023,1023,1023
93300000,1023,1023,1023,1023,1023
93600000,1023,1023,1023,1023,1023
93900000,1023,1023,1023,1023,1023
94200000,1023,1023,1023,1023,1023
94500000,1023,1023,1023,1023,1023
94800000,1023,1023,1023,1023,1023
95100000,1023,1023,1023,1023,1023
95400000,1023,1023,1023,1023,1023
95700000,1023,1023,1023,1023,1023
96000000,1023,1023,1023,1023,1023
96300000,1023,1023,1023,1023,1023
96600000,1023,1023,1023,1023,1023
96900000,1023,1023,1023,1023,1023
97200000,1023,1023,1023,1023,1023
97500000,1023,1023,1023,1023,1023
97800000,1023,1023,1023,1023,1023
98100000,1023,1023,1023,1023,1023
98400000,1023,1023,1023,1023,1023
98700000,1023,1023,1023,1023,1023
99000000,1023,1023,1023,1023,1023
99300000,1023,1023,1023,1023,1023
99600000,1023,1023,1023,1023,1023
99900000,1023,1023,1023,1023,1023
100200000,1023,1023,1023,1023,1023
100500000,1023,1023,1023,1023,1023
100800000,1023,1023,1023,1023,1023
101100000,1023,1023,1023,1023,1023
101400000,1023,1023,1023,1023,1023
101700000,1023,1023,1023,1023,1023
102000000,1023,1023,1023,1023,1023
102300000,1023,1023,1023,1023,1023
102600000,1023,1023,1023,1023,1023
102900000,1023,1023,1023,1023,1023
103200000,1023,1023,1023,1023,1023
103500000,1023,1023,1023,1023,1023
103800000,1023,1023,1023,1023,1023
104100000,1023,1023,1023,1023,1023
104400000,1023,1023,1023,1023,1023
104700000,1023,1023,1023,1023,1023
105000000,1023,1023,1023,1023,1023
105300000,1023,1023,1023,1023,1023
105600000,1023,1023,1023,1023,1023
105900000,1023,1023,1023,1023,1023
106200000,1023,1023,1023,1023,1023
106500000,1023,1023,1023,1023,1023
106800000,1023,1023,1023,1023,1023
107100000,1023,1023,1023,1023,1023
107400000,1023,1023,1023,1023,1023
107700000,1023,1023,1023,1023,1023
108000000,1023,1023,1023,1023,1023
108300000,1023,1023,1023,1023,1023
108600000,1023,1023,1023,1023,1023
108900000,1023,1023,1023,1023,1023
109200000,1023,1023,1023,1023,1023
109500000,1023,1023,1023,1023,1023
109800000,1023,1023,1023,1023,1023
110100000,1023,1023,1023,1023,1023
110400000,1023,1023,1023,1023,1023
110700000,1023,1023,1023,1023,1023
111000000,1023,1023,1023,1023,1023
111300000,1023,1023,1023,1023,1023
111600000,1023,1023,1023,1023,1023
111900000,1023,1023,1023,1023,1023
112200000,1023,1023,1023,1023,1023
112500000,1023,1023,1023,1023,1023
112800000,1023,1023,1023,1023,1023
113100000,1023,1023,1023,1023,1023
113400000,1023,1023,1023,1023,1023
113700000,1023,1023,1023,1023,1023
114000000,1023,1023,1023,1023,1023
114300000,1023,1023,1023,1023,1023
114600000,1023,1023,1023,1023,1023
114900000,1023,1023,1023,1023,1023
115200000,1023,1023,1023,1023,1023
115500000,1023,1023,1023,1023,1023
115800000,1023,1023,1023,1023,1023
116100000,1023,1023,1023,1023,1023
116400000,1023,1023,1023,1023,1023
116700000,1023,1023,1023,1023,1023
117000000,1023,1023,1023,1023,1023
117300000,1023,1023,1023,1023,1023
117600000,1023,1023,1023,1023,1023
117900000,1023,1023,1023,1023,1023
118200000,1023,1023,1023,1023,1023
118500000,1023,1023,1023,1023,1023
118800000,1023,1023,1023,1023,1023
119100000,1023,1023,1023,1023,1023
119400000,1023,1023,1023,1023,1023
119700000,1023,1023,1023,1023,1023
120000000,1023,1023,1023,1023,1023
120300000,1023,1023,1023,1023,1023
120600000,1023,1023,1023,1023,1023
120900000,1023,1023,1023,1023,1023
121200000,1023,1023,1023,1023,1023
121500000,1023,1023,1023,1023,1023
121800000,1023,1023,1023,1023,1023
122100000,1023,1023,1023,1023,1023
122400000,1023,1023,1023,1023,1023
122700000,1023,1023,1023,1023,1023
123000000,1023,1023,1023,1023,1023
123300000,1023,1023,1023,1023,1023
123600000,1023,1023,1023,1023,1023
123900000,1023,1023,1023,1023,1023
124200000,1023,1023,1023,1023,1023
124500000,1023,1023,1023,1023,1023
124800000,1023,1023,1023,1023,1023
125100000,1023,1023,1023,1023,1023
125400000,1023,1023,1023,1023,1023
125700000,1023,1023,1023,1023,1023
126000000,1023,1023,1023,1023,1023
126300000,1023,1023,1023,1023,1023
126600000,1023,1023,1023,1023,1023
126900000,1023,1023,1023,1023,1023
127200000,1023,1023,1023,1023,1023
127500000,1023,1023,1023,1023,1023
127800000,1023,1023,1023,1023,1023
128100000,1023,1023,1023,1023,1023
128400000,1023,1023,1023,1023,1023
128700000,1023,1023,1023,1023,1023
129000000,1023,1023,1023,1023,1023
129300000,1023,1023,1023,1023,1023
129600000,1023,1023,1023,1023,1023
129900000,1023,1023,1023,1023,1023
130200000,1023,1023,1023,1023,1023
130500000,1023,1023,1023,1023,1023
130800000,1023,1023,1023,1023,1023
131100000,1023,1023,1023,1023,1023
131400000,1023,1023,1023,1023,1023
131700000,1023,1023,1023,1023,1023
132000000,1023,1023,1023,1023,1023
132300000,1023,1023,1023,1023,1023
132600000,1023,1023,1023,1023,1023
132900000,1023,1023,1023,1023,1023
133200000,1023,1023,1023,1023,1023
133500000,1023,1023,1023,1023,1023
133800000,1023,1023,1023,1023,1023
134100000,1023,1023,1023,1023,1023
134400000,1023,1023,1023,1023,1023
134700000,1023,1023,1023,1023,1023
135000000,1023,1023,1023,1023,1023
135300000,1023,1023,1023,1023,1023
135600000,1023,1023,1023,1023,1023
135900000,1023,1023,1023,1023,1023
136200000,1023,1023,1023,1023,1023
136500000,1023,1023,1023,1023,1023
136800000,1023,1023,1023,1023,1023
137100000,1023,1023,1023,1023,1023
137400000,1023,1023,1023,1023,1023
137700000,1023,1023,1023,1023,1023
138000000,1023,1023,1023,1023,1023
138300000,1023,1023,1023,1023,1023
138600000,1023,1023,1023,1023,1023
138900000,1023,1023,1023,1023,1023
139200000,1023,1023,1023,1023,1023
139500000,1023,1023,1023,1023,1023
139800000,1023,1023,1023,1023,1023
140100000,1023,1023,1023,1023,1023
140400000,1023,1023,1023,1023,1023
140700000,1023,1023,1023,1023,1023
141000000,1023,1023,1023,1023,1023
141300000,1023,1023,1023,1023,1023
141600000,1023,1023,1023,1023,1023
141900000,1023,1023,1023,1023,1023
142200000,1023,1023,1023,1023,1023
142500000,1023,1023,1023,1023,1023
142800000,1023,1023,1023,1023,1023
143100000,1023,1023,1023,1023,1023
143400000,1023,1023,1023,1023,1023
143700000,1023,1023,1023,1023,1023
144000000,1023,1023,1023,1023,1023
144300000,1023,1023,1023,1023,1023
144600000,1023,1023,1023,1023,1023
144900000,1023,1023,1023,1023,1023
145200000,1023,1023,1023,1023,1023
145500000,1023,1023,1023,1023,1023
145800000,1023,1023,1023,1023,1023
146100000,1023,1023,1023,1023,1023
146400000,1023,1023,1023,1023,1023
146700000,1023,1023,1023,1023,1023
147000000,1023,1023,1023,1023,1023
147300000,1023,1023,1023,1023,1023
147600000,1023,1023,1023,1023,1023
147900000,1023,1023,1023,1023,1023
148200000,1023,1023,1023,1023,1023
148500000,1023,1023,1023,1023,1023
148800000,1023,1023,1023,1023,1023
149100000,1023,1023,1023,1023,1023
149400000,1023,1023,1023,1023,1023
149700000,1023,1023,1023,1023,1023
150000000,1023,1023,1023,1023,1023
150300000,1023,1023,1023,1023,1023
150600000,1023,1023,1023,1023,1023
150900000,1023,1023,1023,1023,1023
151200000,1023,1023,1023,1023,1023
151500000,1023,1023,1023,1023,1023
151800000,1023,1023,1023,1023,1023
152100000,1023,1023,1023,1023,1023
152400000,1023,1023,1023,1023,1023
152700000,1023,1023,1023,1023,1023
153000000,1023,1023,1023,1023,1023
153300000,1023,1023,1023,1023,1023
153600000,1023,1023,1023,1023,1023
153900000,1023,1023,1023,1023,1023
154200000,1023,1023,1023,1023,1023
154500000,1023,1023,1023,1023,1023
154800000,1023,1023,1023,1023,1023
155100000,1023,1023,1023,1023,1023
155400000,1023,1023,1023,1023,1023
155700000,1023,1023,1023,1023,1023
156000000,1023,1023,1023,1023,1023
156300000,1023,1023,1023,1023,1023
156600000,1023,1023,1023,1023,1023
156900000,1023,1023,1023,1023,1023
157200000,1023,1023,1023,1023,1023
157500000,1023,1023,1023,1023,1023
157800000,1023,1023,1023,1023,1023
158100000,1023,1023,1023,1023,1023
158400000,1023,1023,1023,1023,1023
158700000,1023,1023,1023,1023,1023
159000000,1023,1023,1023,1023,1023
159300000,1023,1023,1023,1023,1023
159600000,1023,1023,1023,1023,1023
159900000,1023,1023,1023,1023,1023
160200000,1023,1023,1023,1023,1023
160500000,1023,1023,1023,1023,1023
160800000,1023,1023,1023,1023,1023
161100000,1023,1023,1023,1023,1023
161400000,1023,1023,1023,1023,1023
161700000,1023,1023,1023,1023,1023
162000000,1023,1023,1023,1023,1023
162300000,1023,1023,1023,1023,1023
162600000,1023,1023,1023,1023,1023
162900000,1023,1023,1023,1023,1023
163200000,1023,1023,1023,1023,1023
163500000,1023,1023,1023,1023,1023
163800000,1023,1023,1023,1023,1023
164100000,1023,1023,1023,1023,1023
164400000,1023,1023,1023,1023,1023
164700000,1023,1023,1023,1023,1023
165000000,1023,1023,1023,1023,1023
165300000,1023,1023,1023,1023,1023
165600000,1023,1023,1023,1023,1023
165900000,1023,1023,1023,1023,1023
166200000,1023,1023,1023,1023,1023
166500000,1023,1023,1023,1023,1023
166800000,1023,1023,1023,1023,1023
167100000,1023,1023,1023,1023,1023
167400000,1023,1023,1023,1023,1023
167700000,1023,1023,1023,1023,1023
168000000,1023,1023,1023,1023,1023
168300000,1023,1023,1023,1023,1023
168600000,1023,1023,1023,1023,1023
168900000,1023,1023,1023,1023,1023
169200000,1023,1023,1023,1023,1023
169500000,1023,1023,1023,1023,1023
169800000,1023,1023,1023,1023,1023
170100000,1023,1023,1023,1023,1023
170400000,1023,1023,1023,1023,1023
170700000,1023,1023,1023,1023,1023
171000000,1023,1023,1023,1023,1023
171300000,1023,1023,1023,1023,1023
171600000,1023,1023,1023,1023,1023
171900000,1023,1023,1023,1023,1023
172200000,1023,1023,1023,1023,1023
172500000,1023,1023,1023,1023,1023
172800000,1023,1023,1023,1023,1023
173100000,1023,1023,1023,1023,1023
173400000,1023,1023,1023,1023,1023
173700000,1023,1023,1023,1023,1023
174000000,1023,1023,1023,1023,1023
174300000,1023,1023,1023,1023,1023
174600000,1023,1023,1023,1023,1023
174900000,1023,1023,1023,1023,1023
175200000,1023,1023,1023,1023,1023
175500000,1023,1023,1023,1023,1023
175800000,1023,1023,1023,1023,1023
176100000,1023,1023,1023,1023,1023
176400000,1023,1023,1023,1023,1023
176700000,1023,1023,1023,1023,1023
177000000,1023,1023,1023,1023,1023
177300000,1023,1023,1023,1023,1023
177600000,1023,1023,1023,1023,1023
177900000,1023,1023,1023,1023,1023
178200000,1023,1023,1023,1023,1023
178500000,1023,1023,1023,1023,1023
178800000,1023,1023,1023,1023,1023
179100000,1023,1023,1023,1023,1023
179400000,1023,1023,1023,1023,1023
179700000,1023,1023,1023,1023,1023
180000000,1023,1023,1023,1023,1023
180300000,1023,1023,1023,1023,1023
180600000,1023,1023,1023,1023,1023
180900000,1023,1023,1023,1023,1023
181200000,1023,1023,1023,1023,1023
181500000,1023,1023,1023,1023,1023
181800000,1023,1023,1023,1023,1023
182100000,1023,1023,1023,1023,1023
182400000,1023,1023,1023,1023,1023
182700000,1023,1023,1023,1023,1023
183000000,1023,1023,1023,1023,1023
183300000,1023,1023,1023,1023,1023
183600000,1023,1023,1023,1023,1023
183900000,1023,1023,1023,1023,1023
184200000,1023,1023,1023,1023,1023
184500000,1023,1023,1023,1023,1023
184800000,1023,1023,1023,1023,1023
185100000,1023,1023,1023,1023,1023
185400000,1023,1023,1023,1023,1023
185700000,1023,1023,1023,1023,1023
186000000,1023,1023,1023,1023,1023
186300000,1023,1023,1023,1023,1023
186600000,1023,1023,1023,1023,1023
186900000,1023,1023,1023,1023,1023
187200000,1023,1023,1023,1023,1023
187500000,1023,1023,1023,1023,1023
187800000,1023,1023,1023,1023,1023
188100000,1023,1023,1023,1023,1023
188400000,1023,1023,1023,1023,1023
188700000,1023,1023,1023,1023,1023
189000000,1023,1023,1023,1023,1023
189300000,1023,1023,1023,1023,1023
189600000,1023,1023,1023,1023,1023
189900000,1023,1023,1023,1023,1023
190200000,1023,1023,1023,1023,1023
190500000,1023,1023,1023,1023,1023
190800000,1023,1023,1023,1023,1023
191100000,1023,1023,1023,1023,1023
191400000,1023,1023,1023,1023,1023
191700000,1023,1023,1023,1023,1023
192000000,1023,1023,1023,1023,1023
192300000,1023,1023,1023,1023,1023
192600000,1023,1023,1023,1023,1023
192900000,1023,1023,1023,1023,1023
193200000,1023,1023,1023,1023,1023
193500000,1023,1023,1023,1023,1023
193800000,1023,1023,1023,1023,1023
194100000,1023,1023,1023,1023,1023
194400000,1023,1023,1023,1023,1023
194700000,1023,1023,1023,1023,1023
195000000,1023,1023,1023,1023,1023
195300000,1023,1023,1023,1023,1023
195600000,1023,1023,1023,1023,1023
195900000,1023,1023,1023,1023,1023
196200000,1023,1023,1023,1023,1023
196500000,1023,1023,1023,1023,1023
196800000,1023,1023,1023,1023,1023
197100000,1023,1023,1023,1023,1023
197400000,1023,1023,1023,1023,1023
197700000,1023,1023,1023,1023,1023
198000000,1023,1023,1023,1023,1023
198300000,1023,1023,1023,1023,1023
198600000,1023,1023,1023,1023,1023
198900000,1023,1023,1023,1023,1023
199200000,1023,1023,1023,1023,1023
199500000,1023,1023,1023,1023,1023
199800000,1023,1023,1023,1023,1023
200100000,1023,1023,1023,1023,1023
200400000,1023,1023,1023,1023,1023
200700000,1023,1023,1023,1023,1023
201000000,1023,1023,1023,1023,1023
201300000,1023,1023,1023,1023,1023
201600000,1023,1023,1023,1023,1023
201900000,1023,1023,1023,1023,1023
202200000,1023,1023,1023,1023,1023
202500000,1023,1023,1023,1023,1023
202800000,1023,1023,1023,1023,1023
203100000,1023,1023,1023,1023,1023
203400000,1023,1023,1023,1023,1023
203700000,1023,1023,1023,1023,1023
204000000,1023,1023,1023,1023,1023
204300000,1023,1023,1023,1023,1023
204600000,1023,1023,1023,1023,1023
204900000,1023,1023,1023,1023,1023
205200000,1023,1023,1023,1023,1023
205500000,1023,1023,1023,1023,1023
205800000,1023,1023,1023,1023,1023
206100000,1023,1023,1023,1023,1023
206400000,1023,1023,1023,1023,1023
206700000,1023,1023,1023,1023,1023
207000000,1023,1023,1023,1023,1023
207300000,1023,1023,1023,1023,1023
207600000,1023,1023,1023,1023,1023
207900000,1023,1023,1023,1023,1023
208200000,1023,1023,1023,1023,1023
208500000,1023,1023,1023,1023,1023
208800000,1023,1023,1023,1023,1023
209100000,1023,1023,1023,1023,1023
209400000,1023,1023,1023,1023,1023
209700000,1023,1023,1023,1023,1023
210000000,1023,1023,1023,1023,1023
210300000,1023,1023,1023,1023,1023
210600000,1023,1023,1023,1023,1023
210900000,1023,1023,1023,1023,1023
211200000,1023,1023,1023,1023,1023
211500000,1023,1023,1023,1023,1023
211800000,1023,1023,1023,1023,1023
212100000,1023,1023,1023,1023,1023
212400000,1023,1023,1023,1023,1023
212700000,1023,1023,1023,1023,1023
213000000,1023,1023,1023,1023,1023
213300000,1023,1023,1023,1023,1023
213600000,1023,1023,1023,1023,1023
213900000,1023,1023,1023,1023,1023
214200000,1023,1023,1023,1023,1023
214500000,1023,1023,1023,1023,1023
214800000,1023,1023,1023,1023,1023
215100000,1023,1023,1023,1023,1023
215400000,1023,1023,1023,1023,1023
215700000,1023,1023,1023,1023,1023
216000000,1023,1023,1023,1023,1023
216300000,1023,1023,1023,1023,1023
216600000,1023,1023,1023,1023,1023
216900000,1023,1023,1023,1023,1023
217200000,1023,1023,1023,1023,1023
217500000,1023,1023,1023,1023,1023
217800000,1023,1023,1023,1023,1023
218100000,1023,1023,1023,1023,1023
218400000,1023,1023,1023,1023,1023
218700000,1023,1023,1023,1023,1023
219000000,1023,1023,1023,1023,1023
219300000,1023,1023,1023,1023,1023
219600000,1023,1023,1023,1023,1023
219900000,1023,1023,1023,1023,1023
220200000,1023,1023,1023,1023,1023
220500000,1023,1023,1023,1023,1023
220800000,1023,1023,1023,1023,1023
221100000,1023,1023,1023,1023,1023
221400000,1023,1023,1023,1023,1023
221700000,1023,1023,1023,1023,1023
222000000,1023,1023,1023,1023,1023
222300000,1023,1023,1023,1023,1023
222600000,1023,1023,1023,1023,1023
222900000,1023,1023,1023,1023,1023
223200000,1023,1023,1023,1023,1023
223500000,1023,1023,1023,1023,1023
223800000,1023,1023,1023,1023,1023
224100000,1023,1023,1023,1023,1023
224400000,1023,1023,1023,1023,1023
224700000,1023,1023,1023,1023,1023
225000000,1023,1023,1023,1023,1023
225300000,1023,1023,1023,1023,1023
225600000,1023,1023,1023,1023,1023
225900000,1023,1023,1023,1023,1023
226200000,1023,1023,1023,1023,1023
226500000,1023,1023,1023,1023,1023
226800000,1023,1023,1023,1023,1023
227100000,1023,1023,1023,1023,1023
227400000,1023,1023,1023,1023,1023
227700000,1023,1023,1023,1023,1023
228000000,1023,1023,1023,1023,1023
228300000,1023,1023,1023,1023,1023
228600000,1023,1023,1023,1023,1023
228900000,1023,1023,1023,1023,1023
229200000,1023,1023,1023,1023,1023
229500000,1023,1023,1023,1023,1023
229800000,1023,1023,1023,1023,1023
230100000,1023,1023,1023,1023,1023
230400000,1023,1023,1023,1023,1023
230700000,1023,1023,1023,1023,1023
231000000,1023,1023,1023,1023,1023
231300000,1023,1023,1023,1023,1023
231600000,1023,1023,1023,1023,1023
231900000,1023,1023,1023,1023,1023
232200000,1023,1023,1023,1023,1023
232500000,1023,1023,1023,1023,1023
232800000,1023,1023,1023,1023,1023
233100000,1023,1023,1023,1023,1023
233400000,1023,1023,1023,1023,1023
233700000,1023,1023,1023,1023,1023
234000000,1023,1023,1023,1023,1023
234300000,1023,1023,1023,1023,1023
234600000,1023,1023,1023,1023,1023
234900000,1023,1023,1023,1023,1023
235200000,1023,1023,1023,1023,1023
235500000,1023,1023,1023,1023,1023
235800000,1023,1023,1023,1023,1023
236100000,1023,1023,1023,1023,1023
236400000,1023,1023,1023,1023,1023
236700000,1023,1023,1023,1023,1023
237000000,1023,1023,1023,1023,1023
237300000,1023,1023,1023,1023,1023
237600000,1023,1023,1023,1023,1023
237900000,1023,1023,1023,1023,1023
238200000,1023,1023,1023,1023,1023
238500000,1023,1023,1023,1023,1023
238800000,1023,1023,1023,1023,1023
239100000,1023,1023,1023,1023,1023
239400000,1023,1023,1023,1023,1023
239700000,1023,1023,1023,1023,1023
240000000,1023,1023,1023,1023,1023
240300000,1023,1023,1023,1023,1023
240600000,1023,1023,1023,1023,1023
240900000,1023,1023,1023,1023,1023
241200000,1023,1023,1023,1023,1023
241500000,1023,1023,1023,1023,1023
241800000,1023,1023,1023,1023,1023
242100000,1023,1023,1023,1023,1023
242400000,1023,1023,1023,1023,1023
242700000,1023,1023,1023,1023,1023
243000000,1023,1023,1023,1023,1023
243300000,1023,1023,1023,1023,1023
243600000,1023,1023,1023,1023,1023
243900000,1023,1023,1023,1023,1023
244200000,1023,1023,1023,1023,1023
244500000,1023,1023,1023,1023,1023
244800000,1023,1023,1023,1023,1023
245100000,1023,1023,1023,1023,1023
245400000,1023,1023,1023,1023,1023
245700000,1023,1023,1023,1023,1023
246000000,1023,1023,1023,1023,1023
246300000,1023,1023,1023,1023,1023
246600000,1023,1023,1023,1023,1023
246900000,1023,1023,1023,1023,1023
247200000,1023,1023,1023,1023,1023
247500000,1023,1023,1023,1023,1023
247800000,1023,1023,1023,1023,1023
248100000,1023,1023,1023,1023,1023
248400000,1023,1023,1023,1023,1023
248700000,1023,1023,1023,1023,1023
249000000,1023,1023,1023,1023,1023
249300000,1023,1023,1023,1023,1023
249600000,1023,1023,1023,1023,1023
249900000,1023,1023,1023,1023,1023
250200000,1023,1023,1023,1023,1023
250500000,1023,1023,1023,1023,1023
250800000,1023,1023,1023,1023,1023
251100000,1023,1023,1023,1023,1023
251400000,1023,1023,1023,1023,1023
251700000,1023,1023,1023,1023,1023
252000000,1023,1023,1023,1023,1023
252300000,1023,1023,1023,1023,1023
252600000,1023,1023,1023,1023,1023
252900000,1023,1023,1023,1023,1023
253200000,1023,1023,1023,1023,1023
253500000,1023,1023,1023,1023,1023
253800000,1023,1023,1023,1023,1023
254100000,1023,1023,1023,1023,1023
254400000,1023,1023,1023,1023,1023
254700000,1023,1023,1023,1023,1023
255000000,1023,1023,1023,1023,1023
255300000,1023,1023,1023,1023,1023
255600000,1023,1023,1023,1023,1023
255900000,1023,1023,1023,1023,1023
256200000,1023,1023,1023,1023,1023
256500000,1023,1023,1023,1023,1023
256800000,1023,1023,1023,1023,1023
257100000,1023,1023,1023,1023,1023
257400000,1023,1023,1023,1023,1023
257700000,1023,1023,1023,1023,1023
258000000,1023,1023,1023,1023,1023
258300000,1023,1023,1023,1023,1023
258600000,1023,1023,1023,1023,1023
258900000,1023,1023,1023,1023,1023
259200000,1023,1023,1023,1023,1023
259500000,1023,1023,1023,1023,1023
259800000,1023,1023,1023,1023,1023
260100000,1023,1023,1023,1023,1023
260400000,1023,1023,1023,1023,1023
260700000,1023,1023,1023,1023,1023
261000000,1023,1023,1023,1023,1023
261300000,1023,1023,1023,1023,1023
261600000,1023,1023,1023,1023,1023
261900000,1023,1023,1023,1023,1023
262200000,1023,1023,1023,1023,1023
262500000,1023,1023,1023,1023,1023
262800000,1023,1023,1023,1023,1023
263100000,1023,1023,1023,1023,1023
263400000,1023,1023,1023,1023,1023
263700000,1023,1023,1023,1023,1023
264000000,1023,1023,1023,1023,1023
264300000,1023,1023,1023,1023,1023
264600000,1023,1023,1023,1023,1023
264900000,1023,1023,1023,1023,1023
265200000,1023,1023,1023,1023,1023
265500000,1023,1023,1023,1023,1023
265800000,1023,1023,1023,1023,1023
266100000,1023,1023,1023,1023,1023
266400000,1023,1023,1023,1023,1023
266700000,1023,1023,1023,1023,1023
267000000,1023,1023,1023,1023,1023
267300000,1023,1023,1023,1023,1023
267600000,1023,1023,1023,1023,1023
267900000,1023,1023,1023,1023,1023
268200000,1023,1023,1023,1023,1023
268500000,1023,1023,1023,1023,1023
268800000,1023,1023,1023,1023,1023
269100000,1023,1023,1023,1023,1023
269400000,1023,1023,1023,1023,1023
269700000,1023,1023,1023,1023,1023
270000000,1023,1023,1023,1023,1023
270300000,1023,1023,1023,1023,1023
270600000,1023,1023,1023,1023,1023
270900000,1023,1023,1023,1023,1023
271200000,1023,1023,1023,1023,1023
271500000,1023,1023,1023,1023,1023
271800000,1023,1023,1023,1023,1023
272100000,1023,1023,1023,1023,1023
272400000,1023,1023,1023,1023,1023
272700000,1023,1023,1023,1023,1023
273000000,1023,1023,1023,1023,1023
273300000,1023,1023,1023,1023,1023
273600000,1023,1023,1023,1023,1023
273900000,1023,1023,1023,1023,1023
274200000,1023,1023,1023,1023,1023
274500000,1023,1023,1023,1023,1023
274800000,1023,1023,1023,1023,1023
275100000,1023,1023,1023,1023,1023
275400000,1023,1023,1023,1023,1023
275700000,1023,1023,1023,1023,1023
276000000,1023,1023,1023,1023,1023
276300000,1023,1023,1023,1023,1023
276600000,1023,1023,1023,1023,1023
276900000,1023,1023,1023,1023,1023
277200000,1023,1023,1023,1023,1023
277500000,1023,1023,1023,1023,1023
277800000,1023,1023,1023,1023,1023
278100000,1023,1023,1023,1023,1023
278400000,1023,1023,1023,1023,1023
278700000,1023,1023,1023,1023,1023
279000000,1023,1023,1023,1023,1023
279300000,1023,1023,1023,1023,1023
279600000,1023,1023,1023,1023,1023
279900000,1023,1023,1023,1023,1023
280200000,1023,1023,1023,1023,1023
280500000,1023,1023,1023,1023,1023
280800000,1023,1023,1023,1023,1023
281100000,1023,1023,1023,1023,1023
281400000,1023,1023,1023,1023,1023
281700000,1023,1023,1023,1023,1023
282000000,1023,1023,1023,1023,1023
282300000,1023,1023,1023,1023,1023
282600000,1023,1023,1023,1023,1023
282900000,1023,1023,1023,1023,1023
283200000,1023,1023,1023,1023,1023
283500000,1023,1023,1023,1023,1023
283800000,1023,1023,1023,1023,1023
284100000,1023,1023,1023,1023,1023
284400000,1023,1023,1023,1023,1023
284700000,1023,1023,1023,1023,1023
285000000,1023,1023,1023,1023,1023
285300000,1023,1023,1023,1023,1023
285600000,1023,1023,1023,1023,1023
285900000,1023,1023,1023,1023,1023
286200000,1023,1023,1023,1023,1023
286500000,1023,1023,1023,1023,1023
286800000,1023,1023,1023,1023,1023
287100000,1023,1023,1023,1023,1023
287400000,1023,1023,1023,1023,1023
287700000,1023,1023,1023,1023,1023
288000000,1023,1023,1023,1023,1023
288300000,1023,1023,1023,1023,1023
288600000,1023,1023,1023,1023,1023
288900000,1023,1023,1023,1023,1023
289200000,1023,1023,1023,1023,1023
289500000,1023,1023,1023,1023,1023
289800000,1023,1023,1023,1023,1023
290100000,1023,1023,1023,1023,1023
290400000,1023,1023,1023,1023,1023
290700000,1023,1023,1023,1023,1023
291000000,1023,1023,1023,1023,1023
291300000,1023,1023,1023,1023,1023
291600000,1023,1023,1023,1023,1023
291900000,1023,1023,1023,1023,1023
292200000,1023,1023,1023,1023,1023
292500000,1023,1023,1023,1023,1023
292800000,1023,1023,1023,1023,1023
293100000,1023,1023,1023,1023,1023
293400000,1023,1023,1023,1023,1023
293700000,1023,1023,1023,1023,1023
294000000,1023,1023,1023,1023,1023
294300000,1023,1023,1023,1023,1023
294600000,1023,1023,1023,1023,1023
294900000,1023,1023,1023,1023,1023
295200000,1023,1023,1023,1023,1023
295500000,1023,1023,1023,1023,1023
295800000,1023,1023,1023,1023,1023
296100000,1023,1023,1023,1023,1023
296400000,1023,1023,1023,1023,1023
296700000,1023,1023,1023,1023,1023
297000000,1023,1023,1023,1023,1023
297300000,1023,1023,1023,1023,1023
297600000,1023,1023,1023,1023,1023
297900000,1023,1023,1023,1023,1023
298200000,1023,1023,1023,1023,1023
298500000,1023,1023,1023,1023,1023
298800000,1023,1023,1023,1023,1023
299100000,1023,1023,1023,1023,1023
299400000,1023,1023,1023,1023,1023
299700000,1023,1023,1023,1023,1023
300000000,1023,1023,1023,1023,1023
300300000,1023,1023,1023,1023,1023
300600000,1023,1023,1023,1023,1023
300900000,1023,1023,1023,1023,1023
301200000,1023,1023,1023,1023,1023
301500000,1023,1023,1023,1023,1023
301800000,1023,1023,1023,1023,1023
302100000,1023,1023,1023,1023,1023
302400000,1023,1023,1023,1023,1023
302700000,1023,1023,1023,1023,1023
303000000,1023,1023,1023,1023,1023
303300000,1023,1023,1023,1023,1023
303600000,1023,1023,1023,1023,1023
303900000,1023,1023,1023,1023,1023
304200000,1023,1023,1023,1023,1023
304500000,1023,1023,1023,1023,1023
304800000,1023,1023,1023,1023,1023
305100000,1023,1023,1023,1023,1023
305400000,1023,1023,1023,1023,1023
305700000,1023,1023,1023,1023,1023
306000000,1023,1023,1023,1023,1023
306300000,1023,1023,1023,1023,1023
306600000,1023,1023,1023,1023,1023
306900000,1023,1023,1023,1023,1023
307200000,1023,1023,1023,1023,1023
307500000,1023,1023,1023,1023,1023
307800000,1023,1023,1023,1023,1023
308100000,1023,1023,1023,1023,1023
308400000,1023,1023,1023,1023,1023
308700000,1023,1023,1023,1023,1023
309000000,1023,1023,1023,1023,1023
309300000,1023,1023,1023,1023,1023
309600000,1023,1023,1023,1023,1023
309900000,1023,1023,1023,1023,1023
310200000,1023,1023,1023,1023,1023
310500000,1023,1023,1023,1023,1023
310800000,1023,1023,1023,1023,1023
311100000,1023,1023,1023,1023,1023
311400000,1023,1023,1023,1023,1023
311700000,1023,1023,1023,1023,1023
312000000,1023,1023,1023,1023,1023
312300000,1023,1023,1023,1023,1023
312600000,1023,1023,1023,1023,1023
312900000,1023,1023,1023,1023,1023
313200000,1023,1023,1023,1023,1023
313500000,1023,1023,1023,1023,1023
313800000,1023,1023,1023,1023,1023
314100000,1023,1023,1023,1023,1023
314400000,1023,1023,1023,1023,1023
314700000,1023,1023,1023,1023,1023
315000000,1023,1023,1023,1023,1023
315300000,1023,1023,1023,1023,1023
315600000,1023,1023,1023,1023,1023
315900000,1023,1023,1023,1023,1023
316200000,1023,1023,1023,1023,1023
316500000,1023,1023,1023,1023,1023
316800000,1023,1023,1023,1023,1023
317100000,1023,1023,1023,1023,1023
317400000,1023,1023,1023,1023,1023
317700000,1023,1023,1023,1023,1023
318000000,1023,1023,1023,1023,1023
318300000,1023,1023,1023,1023,1023
318600000,1023,1023,1023,1023,1023
318900000,1023,1023,1023,1023,1023
319200000,1023,1023,1023,1023,1023
319500000,1023,1023,1023,1023,1023
319800000,1023,1023,1023,1023,1023
320100000,1023,1023,1023,1023,1023
320400000,1023,1023,1023,1023,1023
320700000,1023,1023,1023,1023,1023
321000000,1023,1023,1023,1023,1023
321300000,1023,1023,1023,1023,1023
321600000,1023,1023,1023,1023,1023
321900000,1023,1023,1023,1023,1023
322200000,1023,1023,1023,1023,1023
